id,type,text1,text2,text3,notes
GladiatorSociety_Cosmigon,SHIP,"If you believe than this paragon is a Cabal Paragon, you are wrong, this is a fake.
But always better than a Paragon. You can proof it when you will try to repair it, if it take damage.
",,,
GladiatorSociety_burndrive,SHIP_SYSTEM,AH AH AH AH THE POWER IS ON MY HAND!!!,POWER,"Logic is for weak, COSMIC POWER!!!",
gs_salvage_pit_entry,CUSTOM,"A Gate activated by the Gladiator Society. It leads to the Salvage Pit - a lawless debris field teeming with scavengers and abandoned cargo. Everything you find in there is yours to keep.",,,"Salvage Pit entry gate tooltip"
gs_salvage_pit_exit,CUSTOM,"The return Gate. Stepping through will bring you back to the Sector. The Salvage Pit will collapse behind you.",,,"Salvage Pit exit gate tooltip"
gs_arena_station,CUSTOM,"The Arena is a fortified station in close orbit above The Gulf. It is the Society's operational center and a controlled venue for contracts, fleet trials, and regulated combat. Its rules are enforced by the station garrison, regardless of a client's flag or standing.",,,"GS Arena station tooltip"
gs_gladius_prime,CUSTOM,"Gladius Prime is the Society's administrative capital. Its temperate climate supports a large population, while fortified training grounds and armories serve the corps. High command coordinates the Society's contracts and defense from this world. Commander Varro is stationed here.",,,"GS capital planet tooltip"
gladiator,FACTION,"The Gladiator Society began as a Hegemony auxiliary security corps assigned to protect remote supply routes and settlements the central fleet could not defend continuously. When the Hegemony reduced its presence in the region, the corps retained its ships, personnel, and local charter rather than dissolve. It now operates as an independent military contractor. Hegemony ties remain close, but contracts are negotiated case by case and the Society protects its own territory first. Gladius Prime houses its administration and officer training. Vindex supplies the fleet through its orbital works. The Arena, a fortified station above The Gulf, hosts contract negotiations and controlled fleet trials. The Society also sells access to salvage operations in the Salvage Pit. Its tolerance of black market trade reflects the realities of frontier logistics, while its command maintains strict control over weapons, personnel, and military secrets.",,,"GS faction description for Intel tab"
gs_vindex_moon,CUSTOM,"Vindex - a fortified barren moon orbiting Gladius Prime. Its orbital works and corrupted nanoforge produce warships and military equipment for the Gladiator Society fleet.",,,"GS military production moon tooltip"
gs_the_gulf,CUSTOM,"The Gulf is a jungle world with a stable atmosphere and extensive native vegetation. The Society nevertheless classifies it as unsuitable for settlement and restricts landings. Public records contain no verified explanation. No confirmed disaster or measurable hazard is recorded, and no further event has been documented.",,,"The Gulf planet tooltip"
